Pollster,SSD,R^2,Chi-Squared,P-Value
Newshub/Reid,24.74289999999999,0.9738166181952858,1.2514020129913814,0.9398520247581366
1 News/Verian,9.416899999999996,0.9900348670480497,1.0750806622159517,0.9562855588314804
TPU/Curia,8.000899999999994,0.9915333037161635,0.48405589248880365,0.992695473066957
Talbot Mills,2.2069000000000005,0.9976646187267934,0.13866283519136488,0.9996375157201542
Roy Morgan,80.04689999999998,0.9152929306999673,3.625606513416443,0.6044727353025233
Guardian/Esntl,35.57289999999999,0.9623561174073808,2.2534329815298286,0.8130814264933469
